Internal Name,MJD,DM,Width,SNR,RA,Dec,RADecErr,Notes,doi,file
210810aaaa,59436.59969748689,29.0454,1.048576,9.03739,0.0,0.0,1,test,10.22013/f39h-wv44,211217aabb.png
210810aaaa,59436.59969748689,29.0454,1.048576,9.03739,0.0,0.0,1,test,10.22013/tfak-5y77,211217aabb.png
