Internal Name,MJD,DM,Width,SNR,RA,Dec,RADecErr,Notes,Version,doi
221018aaaj,59870.22278235404,228.26,4.194304,12.2189,347.27041667,48.70705556,2,FRB 20220912A,0.2,10.25800/6bre-ay48
220319aaeb,59657.93275696795,110.95,0.16,79,32.17791667,71.035,0.6,FRB 20220319D or Mark,0.1,10.25800/jd3p-fs02
220914aabz,59836.14596611509,630.703,0.524288,9.64463,282.05679167,73.33691389,0.93,FRB 20220914A or Elektra,0.1,10.25800/5t61-7z27
220426aaaw,59708.4944990805,270.26,0.524288,21.5075,282.67,70.24383333,2.2,FRB 20220509G or Jackie,0.1,10.25800/dp3e-6881

