Internal Name,MJD,DM,Width,SNR,RA,Dec,RADecErr,Notes,Version,DOI
221018aaaj,59870.22278235404,228.26,4.194304,12.2189,347.27041667,48.70705556,2,FRB 20220912A,0.2,10.25800/6bre-ay48
