Internal Name,MJD,DM,Width,SNR,RA,Dec,RADecErr,Notes,doi,file
221018aaaj,59870.22278235404,228.26,4.192,12.2189,347.272875,48.70711111,2,FRB 20220912A,10.25800/6bre-ay48,221018aaaj.png
